tile_id,disaster,damage_ratio,dice,iou,tp,fp,fn
midwest-flooding_00000005_post_disaster_r0_c0,midwest-flooding,0.0,1.0,1.0,0,0,0
midwest-flooding_00000005_post_disaster_r0_c512,midwest-flooding,0.0,1.0,1.0,0,0,0
midwest-flooding_00000021_post_disaster_r0_c256,midwest-flooding,0.0,1.0,1.0,0,0,0
midwest-flooding_00000021_post_disaster_r256_c768,midwest-flooding,0.0,1.0,1.0,0,0,0
midwest-flooding_00000021_post_disaster_r768_c0,midwest-flooding,0.0,1.0,1.0,0,0,0
midwest-flooding_00000021_post_disaster_r768_c768,midwest-flooding,0.0092620849609375,0.001644736842105263,0.001644736842105263,0,0,607
midwest-flooding_00000022_post_disaster_r256_c0,midwest-flooding,0.0,1.0,1.0,0,0,0
midwest-flooding_00000022_post_disaster_r512_c768,midwest-flooding,0.0,1.0,1.0,0,0,0
midwest-flooding_00000023_post_disaster_r256_c256,midwest-flooding,0.0322723388671875,0.0004725897920604915,0.0004725897920604915,0,0,2115
midwest-flooding_00000023_post_disaster_r256_c512,midwest-flooding,0.019805908203125,0.0007698229407236335,0.0007698229407236335,0,0,1298
midwest-flooding_00000023_post_disaster_r512_c512,midwest-flooding,0.0393829345703125,0.0003872966692486445,0.0003872966692486445,0,0,2581
midwest-flooding_00000023_post_disaster_r512_c768,midwest-flooding,0.055023193359375,0.0002772387025228722,0.0002772387025228722,0,0,3606
midwest-flooding_00000023_post_disaster_r768_c256,midwest-flooding,0.0,1.0,1.0,0,0,0
midwest-flooding_00000023_post_disaster_r768_c512,midwest-flooding,0.09002685546875,0.0001694628029147602,0.0001694628029147602,0,0,5900
midwest-flooding_00000025_post_disaster_r512_c256,midwest-flooding,0.0,1.0,1.0,0,0,0
midwest-flooding_00000025_post_disaster_r768_c768,midwest-flooding,0.0,1.0,1.0,0,0,0
midwest-flooding_00000027_post_disaster_r256_c0,midwest-flooding,0.0,1.0,1.0,0,0,0
midwest-flooding_00000035_post_disaster_r0_c256,midwest-flooding,0.0,1.0,1.0,0,0,0
midwest-flooding_00000035_post_disaster_r768_c0,midwest-flooding,0.0,1.0,1.0,0,0,0
midwest-flooding_00000036_post_disaster_r0_c256,midwest-flooding,0.0,1.0,1.0,0,0,0
midwest-flooding_00000036_post_disaster_r512_c768,midwest-flooding,0.0,1.0,1.0,0,0,0
midwest-flooding_00000039_post_disaster_r256_c512,midwest-flooding,0.0,1.0,1.0,0,0,0
midwest-flooding_00000063_post_disaster_r256_c0,midwest-flooding,0.0,1.0,1.0,0,0,0
midwest-flooding_00000063_post_disaster_r256_c512,midwest-flooding,0.0,1.0,1.0,0,0,0
midwest-flooding_00000063_post_disaster_r768_c512,midwest-flooding,0.0,1.0,1.0,0,0,0
midwest-flooding_00000068_post_disaster_r512_c256,midwest-flooding,0.0,1.0,1.0,0,0,0
midwest-flooding_00000068_post_disaster_r512_c512,midwest-flooding,0.0,1.0,1.0,0,0,0
midwest-flooding_00000074_post_disaster_r256_c512,midwest-flooding,0.0,1.0,1.0,0,0,0
midwest-flooding_00000074_post_disaster_r768_c768,midwest-flooding,0.0,1.0,1.0,0,0,0
midwest-flooding_00000079_post_disaster_r256_c0,midwest-flooding,0.0,1.0,1.0,0,0,0
midwest-flooding_00000083_post_disaster_r256_c256,midwest-flooding,0.0,1.0,1.0,0,0,0
midwest-flooding_00000083_post_disaster_r256_c512,midwest-flooding,0.0,1.0,1.0,0,0,0
midwest-flooding_00000083_post_disaster_r768_c0,midwest-flooding,0.0,1.0,1.0,0,0,0
midwest-flooding_00000085_post_disaster_r0_c256,midwest-flooding,0.0,1.0,1.0,0,0,0
midwest-flooding_00000085_post_disaster_r256_c256,midwest-flooding,0.0,1.0,1.0,0,0,0
midwest-flooding_00000107_post_disaster_r0_c0,midwest-flooding,0.0,1.0,1.0,0,0,0
midwest-flooding_00000107_post_disaster_r0_c256,midwest-flooding,0.0,1.0,1.0,0,0,0
midwest-flooding_00000107_post_disaster_r256_c512,midwest-flooding,0.0,1.0,1.0,0,0,0
midwest-flooding_00000107_post_disaster_r768_c256,midwest-flooding,0.0,1.0,1.0,0,0,0
midwest-flooding_00000113_post_disaster_r256_c0,midwest-flooding,0.0,1.0,1.0,0,0,0
midwest-flooding_00000127_post_disaster_r512_c0,midwest-flooding,0.0,1.0,1.0,0,0,0
midwest-flooding_00000127_post_disaster_r512_c256,midwest-flooding,0.0,1.0,1.0,0,0,0
midwest-flooding_00000140_post_disaster_r768_c256,midwest-flooding,0.0,1.0,1.0,0,0,0
midwest-flooding_00000141_post_disaster_r0_c768,midwest-flooding,0.0,1.0,1.0,0,0,0
midwest-flooding_00000141_post_disaster_r512_c512,midwest-flooding,0.0,1.0,1.0,0,0,0
midwest-flooding_00000145_post_disaster_r0_c0,midwest-flooding,0.0,1.0,1.0,0,0,0
midwest-flooding_00000145_post_disaster_r0_c768,midwest-flooding,0.0,1.0,1.0,0,0,0
midwest-flooding_00000145_post_disaster_r256_c0,midwest-flooding,0.0173797607421875,0.0008771929824561404,0.0008771929824561404,0,0,1139
midwest-flooding_00000145_post_disaster_r512_c0,midwest-flooding,0.0,1.0,1.0,0,0,0
midwest-flooding_00000145_post_disaster_r512_c768,midwest-flooding,0.0,1.0,1.0,0,0,0
midwest-flooding_00000145_post_disaster_r768_c512,midwest-flooding,0.0,1.0,1.0,0,0,0
midwest-flooding_00000154_post_disaster_r256_c0,midwest-flooding,0.0,1.0,1.0,0,0,0
midwest-flooding_00000154_post_disaster_r512_c512,midwest-flooding,0.0,1.0,1.0,0,0,0
midwest-flooding_00000154_post_disaster_r768_c256,midwest-flooding,0.0,1.0,1.0,0,0,0
midwest-flooding_00000154_post_disaster_r768_c512,midwest-flooding,0.0,1.0,1.0,0,0,0
midwest-flooding_00000161_post_disaster_r0_c256,midwest-flooding,0.0,1.0,1.0,0,0,0
midwest-flooding_00000161_post_disaster_r256_c512,midwest-flooding,0.0101165771484375,0.0015060240963855422,0.0015060240963855422,0,0,663
midwest-flooding_00000161_post_disaster_r512_c0,midwest-flooding,0.0,1.0,1.0,0,0,0
midwest-flooding_00000161_post_disaster_r768_c768,midwest-flooding,0.0,1.0,1.0,0,0,0
midwest-flooding_00000173_post_disaster_r0_c512,midwest-flooding,0.012237548828125,0.8005865102639296,0.667644183773216,682,220,120
midwest-flooding_00000173_post_disaster_r0_c768,midwest-flooding,0.008697509765625,0.8161875945537065,0.6896551724137931,539,212,31
midwest-flooding_00000175_post_disaster_r0_c0,midwest-flooding,0.0151519775390625,0.7242132867132867,0.5678082191780822,828,466,165
midwest-flooding_00000175_post_disaster_r0_c256,midwest-flooding,0.017852783203125,0.0008539709649871904,0.0008539709649871904,0,0,1170
midwest-flooding_00000175_post_disaster_r0_c512,midwest-flooding,0.0959320068359375,0.00015067048365225252,0.00015067048365225252,0,349,6287
midwest-flooding_00000175_post_disaster_r768_c0,midwest-flooding,0.0,1.0,1.0,0,0,0
midwest-flooding_00000178_post_disaster_r256_c512,midwest-flooding,0.0,1.0,1.0,0,0,0
midwest-flooding_00000178_post_disaster_r256_c768,midwest-flooding,0.0,1.0,1.0,0,0,0
midwest-flooding_00000188_post_disaster_r256_c512,midwest-flooding,0.0,1.0,1.0,0,0,0
midwest-flooding_00000197_post_disaster_r0_c768,midwest-flooding,0.0,1.0,1.0,0,0,0
midwest-flooding_00000197_post_disaster_r256_c512,midwest-flooding,0.0,1.0,1.0,0,0,0
midwest-flooding_00000197_post_disaster_r512_c256,midwest-flooding,0.0,1.0,1.0,0,0,0
midwest-flooding_00000197_post_disaster_r768_c768,midwest-flooding,0.0,1.0,1.0,0,0,0
midwest-flooding_00000217_post_disaster_r256_c0,midwest-flooding,0.0,1.0,1.0,0,0,0
midwest-flooding_00000217_post_disaster_r256_c768,midwest-flooding,0.0,1.0,1.0,0,0,0
midwest-flooding_00000217_post_disaster_r512_c0,midwest-flooding,0.0,1.0,1.0,0,0,0
midwest-flooding_00000217_post_disaster_r768_c768,midwest-flooding,0.0,1.0,1.0,0,0,0
midwest-flooding_00000220_post_disaster_r0_c768,midwest-flooding,0.0,1.0,1.0,0,0,0
midwest-flooding_00000220_post_disaster_r512_c768,midwest-flooding,0.0,1.0,1.0,0,0,0
midwest-flooding_00000236_post_disaster_r0_c512,midwest-flooding,0.0,1.0,1.0,0,0,0
midwest-flooding_00000236_post_disaster_r768_c256,midwest-flooding,0.014434814453125,0.0010559662090813093,0.0010559662090813093,0,0,946
midwest-flooding_00000313_post_disaster_r256_c512,midwest-flooding,0.0,1.0,1.0,0,0,0
midwest-flooding_00000313_post_disaster_r768_c0,midwest-flooding,0.0,1.0,1.0,0,0,0
midwest-flooding_00000330_post_disaster_r0_c256,midwest-flooding,0.005828857421875,0.0026109660574412533,0.0026109660574412533,0,0,382
midwest-flooding_00000330_post_disaster_r256_c0,midwest-flooding,0.0,1.0,1.0,0,0,0
midwest-flooding_00000330_post_disaster_r768_c0,midwest-flooding,0.0,1.0,1.0,0,0,0
midwest-flooding_00000346_post_disaster_r0_c0,midwest-flooding,0.1474609375,0.9306120448865586,0.8702346041055719,9495,1247,169
midwest-flooding_00000346_post_disaster_r0_c256,midwest-flooding,0.0308837890625,0.6619625861503118,0.4948504168710152,1008,14,1016
midwest-flooding_00000346_post_disaster_r0_c512,midwest-flooding,0.00653076171875,0.002331002331002331,0.002331002331002331,0,0,428
midwest-flooding_00000346_post_disaster_r256_c0,midwest-flooding,0.04449462890625,0.8455709904383908,0.7325,2343,283,573
midwest-flooding_00000346_post_disaster_r256_c256,midwest-flooding,0.1181182861328125,0.9015936771184244,0.8208303845246521,6958,736,783
midwest-flooding_00000346_post_disaster_r256_c512,midwest-flooding,0.0,1.0,1.0,0,0,0
midwest-flooding_00000348_post_disaster_r256_c0,midwest-flooding,0.0,1.0,1.0,0,0,0
midwest-flooding_00000348_post_disaster_r256_c256,midwest-flooding,0.0,1.0,1.0,0,0,0
midwest-flooding_00000348_post_disaster_r768_c0,midwest-flooding,0.0,1.0,1.0,0,0,0
midwest-flooding_00000368_post_disaster_r0_c768,midwest-flooding,0.0,1.0,1.0,0,0,0
midwest-flooding_00000368_post_disaster_r256_c256,midwest-flooding,0.0,1.0,1.0,0,0,0
midwest-flooding_00000368_post_disaster_r256_c768,midwest-flooding,0.0,1.0,1.0,0,0,0
midwest-flooding_00000368_post_disaster_r768_c256,midwest-flooding,0.0266876220703125,0.0005714285714285715,0.0005714285714285715,0,0,1749
midwest-flooding_00000368_post_disaster_r768_c512,midwest-flooding,0.0228424072265625,0.0006675567423230974,0.0006675567423230974,0,0,1497
midwest-flooding_00000368_post_disaster_r768_c768,midwest-flooding,0.0284423828125,0.0005361930294906167,0.0005361930294906167,0,0,1864
midwest-flooding_00000394_post_disaster_r256_c256,midwest-flooding,0.0,1.0,1.0,0,0,0
midwest-flooding_00000406_post_disaster_r256_c512,midwest-flooding,0.0,1.0,1.0,0,0,0
midwest-flooding_00000406_post_disaster_r512_c512,midwest-flooding,0.0,1.0,1.0,0,0,0
midwest-flooding_00000406_post_disaster_r512_c768,midwest-flooding,0.0,1.0,1.0,0,0,0
midwest-flooding_00000406_post_disaster_r768_c0,midwest-flooding,0.0,1.0,1.0,0,0,0
midwest-flooding_00000406_post_disaster_r768_c512,midwest-flooding,0.0,1.0,1.0,0,0,0
midwest-flooding_00000410_post_disaster_r0_c256,midwest-flooding,0.0,1.0,1.0,0,0,0
midwest-flooding_00000410_post_disaster_r0_c768,midwest-flooding,0.0,1.0,1.0,0,0,0
midwest-flooding_00000410_post_disaster_r512_c256,midwest-flooding,0.0367584228515625,0.4899356288954736,0.3244925575101488,2397,4980,12
midwest-flooding_00000410_post_disaster_r512_c512,midwest-flooding,0.0,0.0006596306068601583,0.0006596306068601583,0,1515,0
midwest-flooding_00000430_post_disaster_r512_c512,midwest-flooding,0.0,1.0,1.0,0,0,0
midwest-flooding_00000430_post_disaster_r768_c768,midwest-flooding,0.0,1.0,1.0,0,0,0
midwest-flooding_00000435_post_disaster_r512_c768,midwest-flooding,0.0253753662109375,0.37288613303269447,0.229303775545549,661,1223,1002
midwest-flooding_00000435_post_disaster_r768_c512,midwest-flooding,0.0106964111328125,0.19585798816568048,0.10885245901639344,165,823,536
midwest-flooding_00000435_post_disaster_r768_c768,midwest-flooding,0.0,1.0,1.0,0,0,0
santa-rosa-wildfire_00000002_post_disaster_r256_c512,santa-rosa-wildfire,0.0,0.0011261261261261261,0.0011261261261261261,0,887,0
santa-rosa-wildfire_00000002_post_disaster_r512_c256,santa-rosa-wildfire,0.0,1.0,1.0,0,0,0
santa-rosa-wildfire_00000002_post_disaster_r768_c512,santa-rosa-wildfire,0.0,1.0,1.0,0,0,0
santa-rosa-wildfire_00000005_post_disaster_r0_c0,santa-rosa-wildfire,0.06597900390625,0.6084166542307118,0.4372721423975981,2038,338,2286
santa-rosa-wildfire_00000005_post_disaster_r0_c256,santa-rosa-wildfire,0.0131683349609375,0.6673267326732674,0.5008912655971479,842,819,21
santa-rosa-wildfire_00000005_post_disaster_r256_c0,santa-rosa-wildfire,0.3753662109375,0.4270797295172197,0.2715348316404063,6789,405,17811
santa-rosa-wildfire_00000005_post_disaster_r256_c256,santa-rosa-wildfire,0.5549774169921875,0.22081331302003984,0.12412066921354235,4710,1583,31661
santa-rosa-wildfire_00000022_post_disaster_r256_c256,santa-rosa-wildfire,0.0,1.0,1.0,0,0,0
santa-rosa-wildfire_00000022_post_disaster_r512_c512,santa-rosa-wildfire,0.0,1.0,1.0,0,0,0
santa-rosa-wildfire_00000022_post_disaster_r768_c512,santa-rosa-wildfire,0.0,1.0,1.0,0,0,0
santa-rosa-wildfire_00000026_post_disaster_r0_c0,santa-rosa-wildfire,0.0209808349609375,0.6864501679731243,0.5227272727272727,919,384,456
santa-rosa-wildfire_00000026_post_disaster_r0_c256,santa-rosa-wildfire,0.0243072509765625,0.7913486005089059,0.6548175865294668,1399,544,194
santa-rosa-wildfire_00000026_post_disaster_r256_c256,santa-rosa-wildfire,0.032928466796875,0.833107497741644,0.7140092879256966,1844,425,314
santa-rosa-wildfire_00000026_post_disaster_r256_c768,santa-rosa-wildfire,0.047576904296875,0.832675222112537,0.7133596392333709,2530,429,588
santa-rosa-wildfire_00000026_post_disaster_r512_c256,santa-rosa-wildfire,0.0,1.0,1.0,0,0,0
santa-rosa-wildfire_00000026_post_disaster_r512_c512,santa-rosa-wildfire,0.0,1.0,1.0,0,0,0
santa-rosa-wildfire_00000026_post_disaster_r512_c768,santa-rosa-wildfire,0.0115509033203125,0.7232628398791541,0.5666982024597919,598,299,159
santa-rosa-wildfire_00000026_post_disaster_r768_c512,santa-rosa-wildfire,0.040863037109375,0.7311719693918647,0.5763249761980324,1815,472,863
santa-rosa-wildfire_00000026_post_disaster_r768_c768,santa-rosa-wildfire,0.0,1.0,1.0,0,0,0
santa-rosa-wildfire_00000039_post_disaster_r0_c768,santa-rosa-wildfire,0.061004638671875,0.8157391673746814,0.688845050215208,3840,1577,158
santa-rosa-wildfire_00000039_post_disaster_r256_c512,santa-rosa-wildfire,0.0230255126953125,0.8698698698698699,0.7697756788665879,1303,184,206
santa-rosa-wildfire_00000039_post_disaster_r256_c768,santa-rosa-wildfire,0.1040496826171875,0.8317910754678182,0.7120394273644685,6067,1702,752
santa-rosa-wildfire_00000039_post_disaster_r512_c0,santa-rosa-wildfire,0.0,1.0,1.0,0,0,0
santa-rosa-wildfire_00000039_post_disaster_r512_c256,santa-rosa-wildfire,0.0668487548828125,0.8672919361793877,0.7657023220403502,4022,872,359
santa-rosa-wildfire_00000039_post_disaster_r512_c512,santa-rosa-wildfire,0.073455810546875,0.8777489004398241,0.7821517634485216,4390,799,424
santa-rosa-wildfire_00000039_post_disaster_r768_c256,santa-rosa-wildfire,0.1089630126953125,0.8976620768789444,0.8143377569607078,6258,544,883
santa-rosa-wildfire_00000039_post_disaster_r768_c512,santa-rosa-wildfire,0.0117034912109375,0.6272019664072102,0.45704057279236276,765,908,2
santa-rosa-wildfire_00000063_post_disaster_r0_c0,santa-rosa-wildfire,0.281219482421875,0.8284925972458306,0.7072083438472537,16815,5347,1615
santa-rosa-wildfire_00000063_post_disaster_r0_c256,santa-rosa-wildfire,0.2587127685546875,0.7963000558290616,0.6615507863557786,15689,6761,1266
santa-rosa-wildfire_00000063_post_disaster_r0_c512,santa-rosa-wildfire,0.1800994873046875,0.7612721114038389,0.6145713070425959,10113,4653,1690
santa-rosa-wildfire_00000063_post_disaster_r0_c768,santa-rosa-wildfire,0.1194000244140625,0.6975972256626207,0.5356409281095473,7040,5319,785
santa-rosa-wildfire_00000063_post_disaster_r256_c0,santa-rosa-wildfire,0.311004638671875,0.7975161987041036,0.6632306430830502,16985,5228,3397
santa-rosa-wildfire_00000063_post_disaster_r256_c256,santa-rosa-wildfire,0.2586517333984375,0.7754793784081309,0.6332998829235658,15145,6964,1806
santa-rosa-wildfire_00000063_post_disaster_r256_c512,santa-rosa-wildfire,0.1912078857421875,0.742004645345721,0.5898426404590127,10382,5071,2149
santa-rosa-wildfire_00000063_post_disaster_r256_c768,santa-rosa-wildfire,0.1405181884765625,0.8184262994389576,0.6926699105320986,8825,3532,384
santa-rosa-wildfire_00000063_post_disaster_r512_c0,santa-rosa-wildfire,0.2340545654296875,0.794184158645483,0.6586362762069629,13696,5456,1643
santa-rosa-wildfire_00000063_post_disaster_r512_c256,santa-rosa-wildfire,0.2585296630859375,0.825774440123374,0.7032570462747247,15394,4947,1549
santa-rosa-wildfire_00000063_post_disaster_r512_c512,santa-rosa-wildfire,0.1421051025390625,0.8472014366956001,0.7349199480744266,8491,2241,822
santa-rosa-wildfire_00000063_post_disaster_r512_c768,santa-rosa-wildfire,0.0653228759765625,0.758827879460159,0.6114089961274948,4104,2432,177
santa-rosa-wildfire_00000063_post_disaster_r768_c0,santa-rosa-wildfire,0.1570892333984375,0.7805103280680438,0.6400446357404751,8029,2250,2266
santa-rosa-wildfire_00000063_post_disaster_r768_c256,santa-rosa-wildfire,0.2159576416015625,0.7116629363014941,0.5523992863179641,11764,7144,2389
santa-rosa-wildfire_00000063_post_disaster_r768_c512,santa-rosa-wildfire,0.2215423583984375,0.7726938213931462,0.6295948693883936,12074,4659,2445
santa-rosa-wildfire_00000063_post_disaster_r768_c768,santa-rosa-wildfire,0.1320037841796875,0.6866477728463719,0.5228401595961241,6420,3629,2231
santa-rosa-wildfire_00000069_post_disaster_r256_c0,santa-rosa-wildfire,0.0,1.0,1.0,0,0,0
santa-rosa-wildfire_00000069_post_disaster_r256_c512,santa-rosa-wildfire,0.0,0.001639344262295082,0.001639344262295082,0,609,0
santa-rosa-wildfire_00000069_post_disaster_r512_c0,santa-rosa-wildfire,0.0194854736328125,0.8451536643026005,0.7319236016371078,1072,188,205
santa-rosa-wildfire_00000069_post_disaster_r512_c256,santa-rosa-wildfire,0.009429931640625,0.8758217677136596,0.7792207792207793,599,151,19
santa-rosa-wildfire_00000069_post_disaster_r768_c256,santa-rosa-wildfire,0.0,1.0,1.0,0,0,0
santa-rosa-wildfire_00000078_post_disaster_r0_c0,santa-rosa-wildfire,0.0753631591796875,0.825528098844161,0.7029182219205972,4142,954,797
santa-rosa-wildfire_00000078_post_disaster_r0_c512,santa-rosa-wildfire,0.0194854736328125,0.6161358811040339,0.44539877300613495,725,352,552
santa-rosa-wildfire_00000078_post_disaster_r256_c0,santa-rosa-wildfire,0.0149078369140625,0.8781163434903048,0.7828232971372162,792,35,185
santa-rosa-wildfire_00000078_post_disaster_r256_c512,santa-rosa-wildfire,0.0,1.0,1.0,0,0,0
santa-rosa-wildfire_00000078_post_disaster_r512_c512,santa-rosa-wildfire,0.0,1.0,1.0,0,0,0
santa-rosa-wildfire_00000091_post_disaster_r0_c768,santa-rosa-wildfire,0.0797576904296875,0.8250042786239945,0.7021555490824352,4820,1638,407
santa-rosa-wildfire_00000091_post_disaster_r256_c512,santa-rosa-wildfire,0.0,1.0,1.0,0,0,0
santa-rosa-wildfire_00000091_post_disaster_r256_c768,santa-rosa-wildfire,0.0070648193359375,0.6703458425312729,0.504424778761062,455,440,8
santa-rosa-wildfire_00000091_post_disaster_r768_c256,santa-rosa-wildfire,0.0,1.0,1.0,0,0,0
santa-rosa-wildfire_00000098_post_disaster_r0_c0,santa-rosa-wildfire,0.0340728759765625,0.778999064546305,0.6380697050938338,1665,377,568
santa-rosa-wildfire_00000098_post_disaster_r0_c256,santa-rosa-wildfire,0.059661865234375,0.7677668352408837,0.6231101511879049,2884,719,1026
santa-rosa-wildfire_00000098_post_disaster_r0_c512,santa-rosa-wildfire,0.103973388671875,0.8172574691830907,0.6910032972209138,5867,1677,947
santa-rosa-wildfire_00000098_post_disaster_r0_c768,santa-rosa-wildfire,0.0799407958984375,0.7974165969705418,0.6631123473960748,4290,1231,949
santa-rosa-wildfire_00000098_post_disaster_r256_c256,santa-rosa-wildfire,0.0959930419921875,0.8834762275915822,0.7912885662431942,5667,871,624
santa-rosa-wildfire_00000098_post_disaster_r256_c512,santa-rosa-wildfire,0.0699615478515625,0.652078965758211,0.48379989631933645,3732,3130,853
santa-rosa-wildfire_00000098_post_disaster_r256_c768,santa-rosa-wildfire,0.0345916748046875,0.6564254522769807,0.48862581244196845,2104,2040,163
santa-rosa-wildfire_00000098_post_disaster_r512_c0,santa-rosa-wildfire,0.06890869140625,0.6339081917321836,0.4640801930573603,2499,870,2017
santa-rosa-wildfire_00000098_post_disaster_r512_c256,santa-rosa-wildfire,0.0767059326171875,0.6276926263463132,0.45744038635677636,3030,1598,1997
santa-rosa-wildfire_00000098_post_disaster_r512_c512,santa-rosa-wildfire,0.06842041015625,0.8270981897970379,0.7052001496445941,3769,861,715
santa-rosa-wildfire_00000098_post_disaster_r512_c768,santa-rosa-wildfire,0.0189056396484375,0.5154347826086957,0.3472913616398243,1185,2175,54
santa-rosa-wildfire_00000098_post_disaster_r768_c0,santa-rosa-wildfire,0.0460357666015625,0.7710657285052342,0.6274783580005585,2246,563,771
santa-rosa-wildfire_00000098_post_disaster_r768_c256,santa-rosa-wildfire,0.088165283203125,0.8488979591836735,0.7374840448163381,5199,1272,579
santa-rosa-wildfire_00000098_post_disaster_r768_c512,santa-rosa-wildfire,0.0425262451171875,0.7524211184004999,0.6031547320981472,2408,1206,379
santa-rosa-wildfire_00000098_post_disaster_r768_c768,santa-rosa-wildfire,0.0623626708984375,0.7536173633440515,0.6046861564918314,2812,564,1275
santa-rosa-wildfire_00000111_post_disaster_r0_c0,santa-rosa-wildfire,0.02301025390625,0.8161621771730075,0.6894934333958724,1469,623,39
santa-rosa-wildfire_00000111_post_disaster_r0_c256,santa-rosa-wildfire,0.0341339111328125,0.8435848149927919,0.7295388450353136,1755,169,482
santa-rosa-wildfire_00000111_post_disaster_r0_c768,santa-rosa-wildfire,0.022216796875,0.7685659411011524,0.6242203742203742,1200,467,256
santa-rosa-wildfire_00000111_post_disaster_r256_c0,santa-rosa-wildfire,0.0,1.0,1.0,0,0,0
santa-rosa-wildfire_00000111_post_disaster_r256_c256,santa-rosa-wildfire,0.0058135986328125,0.8342792281498297,0.7159533073929961,367,132,14
santa-rosa-wildfire_00000111_post_disaster_r256_c512,santa-rosa-wildfire,0.26409912109375,0.8412830084335684,0.7260535484178876,15212,3644,2096
santa-rosa-wildfire_00000111_post_disaster_r512_c0,santa-rosa-wildfire,0.0,1.0,1.0,0,0,0
santa-rosa-wildfire_00000111_post_disaster_r512_c256,santa-rosa-wildfire,0.0686798095703125,0.8175526290493127,0.6914322874329377,4252,1649,249
santa-rosa-wildfire_00000111_post_disaster_r512_c512,santa-rosa-wildfire,0.251678466796875,0.8212055819306575,0.6966560898218208,14270,3990,2224
santa-rosa-wildfire_00000111_post_disaster_r768_c256,santa-rosa-wildfire,0.06695556640625,0.8575549587187904,0.7506529688316211,4310,1354,78
santa-rosa-wildfire_00000111_post_disaster_r768_c512,santa-rosa-wildfire,0.116729736328125,0.8730109398309299,0.7746525479814692,7022,1415,628
santa-rosa-wildfire_00000124_post_disaster_r0_c0,santa-rosa-wildfire,0.2309417724609375,0.8380101262734094,0.7211927135282692,13737,3913,1398
santa-rosa-wildfire_00000124_post_disaster_r0_c256,santa-rosa-wildfire,0.2752227783203125,0.7917672368559135,0.6553176705606462,15089,4989,2948
santa-rosa-wildfire_00000124_post_disaster_r0_c512,santa-rosa-wildfire,0.1754302978515625,0.8237290780695252,0.7002985074626865,10556,3577,941
santa-rosa-wildfire_00000124_post_disaster_r0_c768,santa-rosa-wildfire,0.1957855224609375,0.8455809151579956,0.7324816352603002,11466,2823,1365
santa-rosa-wildfire_00000124_post_disaster_r256_c0,santa-rosa-wildfire,0.1844329833984375,0.8448902288188003,0.7314461620825805,10929,2855,1158
santa-rosa-wildfire_00000124_post_disaster_r256_c256,santa-rosa-wildfire,0.1880340576171875,0.8000671792192282,0.6667703408808161,10718,3752,1605
santa-rosa-wildfire_00000124_post_disaster_r256_c512,santa-rosa-wildfire,0.2471771240234375,0.8235074305096438,0.6999755680430002,14324,4265,1875
santa-rosa-wildfire_00000124_post_disaster_r256_c768,santa-rosa-wildfire,0.1659393310546875,0.808702894024568,0.6788535477105907,9710,3429,1165
santa-rosa-wildfire_00000124_post_disaster_r512_c512,santa-rosa-wildfire,0.12689208984375,0.8575012543903663,0.7505611398458085,7690,1930,626
santa-rosa-wildfire_00000124_post_disaster_r512_c768,santa-rosa-wildfire,0.1016845703125,0.7939076318375369,0.658266348033891,6059,2541,605
santa-rosa-wildfire_00000124_post_disaster_r768_c256,santa-rosa-wildfire,0.0373687744140625,0.9137661321861557,0.8412526997840173,2336,328,113
santa-rosa-wildfire_00000124_post_disaster_r768_c512,santa-rosa-wildfire,0.140716552734375,0.8632976490344249,0.7594866586649432,8225,1608,997
santa-rosa-wildfire_00000124_post_disaster_r768_c768,santa-rosa-wildfire,0.188720703125,0.8286060117006254,0.7073775573465592,10268,2148,2100
santa-rosa-wildfire_00000162_post_disaster_r0_c0,santa-rosa-wildfire,0.0446014404296875,0.7939106487148103,0.6582952815829528,2594,1018,329
santa-rosa-wildfire_00000162_post_disaster_r0_c256,santa-rosa-wildfire,0.0696258544921875,0.7327901389324141,0.5783053082756346,3507,1502,1056
santa-rosa-wildfire_00000162_post_disaster_r0_c512,santa-rosa-wildfire,0.0267333984375,0.8021405049396267,0.6697205680256527,1461,430,291
santa-rosa-wildfire_00000162_post_disaster_r0_c768,santa-rosa-wildfire,0.038055419921875,0.8755630630630631,0.7787049399198932,2332,501,162
santa-rosa-wildfire_00000162_post_disaster_r256_c0,santa-rosa-wildfire,0.045379638671875,0.825,0.7021656050955414,2755,950,219
santa-rosa-wildfire_00000162_post_disaster_r256_c256,santa-rosa-wildfire,0.0518035888671875,0.7302705119606528,0.5751760563380282,3266,2284,129
santa-rosa-wildfire_00000162_post_disaster_r256_c512,santa-rosa-wildfire,0.0735015869140625,0.6959576603704718,0.5337251609291912,3813,2328,1004
santa-rosa-wildfire_00000162_post_disaster_r256_c768,santa-rosa-wildfire,0.1004791259765625,0.690522759601707,0.5273591310251188,3883,779,2702
santa-rosa-wildfire_00000162_post_disaster_r512_c0,santa-rosa-wildfire,0.038360595703125,0.67649086521889,0.5111979166666667,1962,1325,552
santa-rosa-wildfire_00000162_post_disaster_r512_c256,santa-rosa-wildfire,0.0764617919921875,0.7785741590214067,0.6374589266155531,4073,1379,938
santa-rosa-wildfire_00000162_post_disaster_r512_c512,santa-rosa-wildfire,0.0642547607421875,0.707872849492993,0.5478751542937753,3106,1459,1105
santa-rosa-wildfire_00000162_post_disaster_r512_c768,santa-rosa-wildfire,0.0622711181640625,0.7863107009448473,0.6479000724112962,3578,1442,503
santa-rosa-wildfire_00000162_post_disaster_r768_c0,santa-rosa-wildfire,0.0563201904296875,0.7478293227486976,0.5972662440570523,3014,1356,677
santa-rosa-wildfire_00000162_post_disaster_r768_c256,santa-rosa-wildfire,0.0877227783203125,0.7923515884507282,0.6561354019746122,4651,1340,1098
santa-rosa-wildfire_00000162_post_disaster_r768_c512,santa-rosa-wildfire,0.0435028076171875,0.7882703777335984,0.6505741738926646,2775,1415,76
santa-rosa-wildfire_00000162_post_disaster_r768_c768,santa-rosa-wildfire,0.005126953125,0.7647814910025706,0.6195426195426196,297,144,39
santa-rosa-wildfire_00000164_post_disaster_r0_c0,santa-rosa-wildfire,0.0288238525390625,0.7503569728700619,0.6005331302361006,1576,736,313
santa-rosa-wildfire_00000164_post_disaster_r0_c256,santa-rosa-wildfire,0.012786865234375,0.7423099245502032,0.5904059040590406,639,245,199
santa-rosa-wildfire_00000164_post_disaster_r0_c768,santa-rosa-wildfire,0.021453857421875,0.6551199086410354,0.4872665534804754,860,360,546
santa-rosa-wildfire_00000164_post_disaster_r256_c256,santa-rosa-wildfire,0.007476806640625,0.8885172798216276,0.7995991983967936,398,8,92
santa-rosa-wildfire_00000164_post_disaster_r512_c768,santa-rosa-wildfire,0.0926513671875,0.8251132360342225,0.7023129640205596,4918,931,1154
santa-rosa-wildfire_00000164_post_disaster_r768_c0,santa-rosa-wildfire,0.0211181640625,0.7868267358857884,0.6486631016042781,1212,485,172
santa-rosa-wildfire_00000164_post_disaster_r768_c256,santa-rosa-wildfire,0.0169677734375,0.69375,0.53125,832,455,280
santa-rosa-wildfire_00000164_post_disaster_r768_c512,santa-rosa-wildfire,0.0268707275390625,0.853448275862069,0.7444271643338517,1435,167,326
santa-rosa-wildfire_00000168_post_disaster_r512_c256,santa-rosa-wildfire,0.047698974609375,0.0003197953309881676,0.0003197953309881676,0,0,3126
santa-rosa-wildfire_00000168_post_disaster_r768_c768,santa-rosa-wildfire,0.0,1.0,1.0,0,0,0
santa-rosa-wildfire_00000170_post_disaster_r0_c0,santa-rosa-wildfire,0.0404815673828125,0.6973684210526315,0.5354330708661418,1563,267,1090
santa-rosa-wildfire_00000170_post_disaster_r0_c768,santa-rosa-wildfire,0.049652099609375,0.00030721966205837174,0.00030721966205837174,0,0,3254
santa-rosa-wildfire_00000170_post_disaster_r256_c0,santa-rosa-wildfire,0.0346832275390625,0.00043975373790677223,0.00043975373790677223,0,0,2273
santa-rosa-wildfire_00000170_post_disaster_r256_c256,santa-rosa-wildfire,0.0283966064453125,0.8320822907978871,0.7125178486435031,1496,239,365
santa-rosa-wildfire_00000170_post_disaster_r256_c512,santa-rosa-wildfire,0.0460968017578125,0.7881854987118145,0.6504706954145156,2141,271,880
santa-rosa-wildfire_00000170_post_disaster_r512_c0,santa-rosa-wildfire,0.0567779541015625,0.5756462984723855,0.4042070530006187,1959,1127,1762
santa-rosa-wildfire_00000170_post_disaster_r512_c256,santa-rosa-wildfire,0.0322113037109375,0.7833712984054669,0.6439535754399102,1719,559,392
santa-rosa-wildfire_00000170_post_disaster_r512_c512,santa-rosa-wildfire,0.0401153564453125,0.8236914600550964,0.7002809865750859,2242,573,387
santa-rosa-wildfire_00000170_post_disaster_r768_c256,santa-rosa-wildfire,0.0153045654296875,0.0009699321047526673,0.0009699321047526673,0,27,1003
santa-rosa-wildfire_00000170_post_disaster_r768_c512,santa-rosa-wildfire,0.0228271484375,0.8288985148514851,0.7078711040676176,1339,396,157
santa-rosa-wildfire_00000175_post_disaster_r0_c0,santa-rosa-wildfire,0.0,1.0,1.0,0,0,0
santa-rosa-wildfire_00000175_post_disaster_r0_c768,santa-rosa-wildfire,0.0,1.0,1.0,0,0,0
santa-rosa-wildfire_00000175_post_disaster_r512_c256,santa-rosa-wildfire,0.0,1.0,1.0,0,0,0
santa-rosa-wildfire_00000175_post_disaster_r512_c768,santa-rosa-wildfire,0.0,1.0,1.0,0,0,0
santa-rosa-wildfire_00000175_post_disaster_r768_c768,santa-rosa-wildfire,0.0,1.0,1.0,0,0,0
santa-rosa-wildfire_00000187_post_disaster_r0_c512,santa-rosa-wildfire,0.0,1.0,1.0,0,0,0
santa-rosa-wildfire_00000187_post_disaster_r0_c768,santa-rosa-wildfire,0.0,1.0,1.0,0,0,0
santa-rosa-wildfire_00000187_post_disaster_r256_c0,santa-rosa-wildfire,0.0,1.0,1.0,0,0,0
santa-rosa-wildfire_00000187_post_disaster_r512_c256,santa-rosa-wildfire,0.0,1.0,1.0,0,0,0
santa-rosa-wildfire_00000187_post_disaster_r512_c512,santa-rosa-wildfire,0.0,1.0,1.0,0,0,0
santa-rosa-wildfire_00000187_post_disaster_r768_c0,santa-rosa-wildfire,0.011138916015625,0.5590277777777778,0.38816242257398487,563,722,167
santa-rosa-wildfire_00000200_post_disaster_r0_c0,santa-rosa-wildfire,0.0,1.0,1.0,0,0,0
santa-rosa-wildfire_00000200_post_disaster_r512_c768,santa-rosa-wildfire,0.0,1.0,1.0,0,0,0
santa-rosa-wildfire_00000200_post_disaster_r768_c512,santa-rosa-wildfire,0.0,1.0,1.0,0,0,0
santa-rosa-wildfire_00000203_post_disaster_r0_c768,santa-rosa-wildfire,0.0,1.0,1.0,0,0,0
santa-rosa-wildfire_00000203_post_disaster_r512_c512,santa-rosa-wildfire,0.0,1.0,1.0,0,0,0
santa-rosa-wildfire_00000203_post_disaster_r768_c256,santa-rosa-wildfire,0.0,1.0,1.0,0,0,0
santa-rosa-wildfire_00000229_post_disaster_r0_c0,santa-rosa-wildfire,0.0120849609375,0.0012610340479192938,0.0012610340479192938,0,0,792
santa-rosa-wildfire_00000229_post_disaster_r0_c256,santa-rosa-wildfire,0.0201568603515625,0.0007564296520423601,0.0007564296520423601,0,0,1321
santa-rosa-wildfire_00000229_post_disaster_r256_c0,santa-rosa-wildfire,0.012542724609375,0.001215066828675577,0.001215066828675577,0,0,822
santa-rosa-wildfire_00000229_post_disaster_r256_c256,santa-rosa-wildfire,0.052398681640625,0.34432146294513954,0.20807904678872421,715,6,2719
santa-rosa-wildfire_00000229_post_disaster_r256_c512,santa-rosa-wildfire,0.0,1.0,1.0,0,0,0
santa-rosa-wildfire_00000229_post_disaster_r512_c0,santa-rosa-wildfire,0.0059661865234375,0.002551020408163265,0.002551020408163265,0,0,391
santa-rosa-wildfire_00000229_post_disaster_r512_c256,santa-rosa-wildfire,0.0162811279296875,0.8039714867617108,0.6723404255319149,789,107,278
santa-rosa-wildfire_00000229_post_disaster_r512_c512,santa-rosa-wildfire,0.0443115234375,0.6660902373840591,0.49941079424935186,2118,1338,786
santa-rosa-wildfire_00000229_post_disaster_r512_c768,santa-rosa-wildfire,0.02117919921875,0.6121343445287107,0.441207075962539,847,533,541
santa-rosa-wildfire_00000229_post_disaster_r768_c512,santa-rosa-wildfire,0.0,1.0,1.0,0,0,0
santa-rosa-wildfire_00000235_post_disaster_r0_c256,santa-rosa-wildfire,0.0502777099609375,0.6231407817364234,0.45265008791760863,1801,685,1494
santa-rosa-wildfire_00000235_post_disaster_r0_c768,santa-rosa-wildfire,0.053802490234375,0.8663372773371473,0.7642201834862385,3331,833,195
santa-rosa-wildfire_00000235_post_disaster_r256_c0,santa-rosa-wildfire,0.0234527587890625,0.7671280276816609,0.622334455667789,1108,244,429
santa-rosa-wildfire_00000235_post_disaster_r512_c0,santa-rosa-wildfire,0.0450286865234375,0.748282770463652,0.5978509373571101,2614,1422,337
santa-rosa-wildfire_00000235_post_disaster_r512_c256,santa-rosa-wildfire,0.030517578125,0.7022531059170352,0.5412070084360805,1667,1081,333
santa-rosa-wildfire_00000235_post_disaster_r768_c0,santa-rosa-wildfire,0.0689697265625,0.7839099117378513,0.6446446446446447,3863,1473,657
santa-rosa-wildfire_00000235_post_disaster_r768_c256,santa-rosa-wildfire,0.062957763671875,0.620186136071887,0.44953488372093026,1932,173,2194
santa-rosa-wildfire_00000235_post_disaster_r768_c512,santa-rosa-wildfire,0.0548248291015625,0.7081282426499933,0.5481878088962109,2661,1262,932
santa-rosa-wildfire_00000235_post_disaster_r768_c768,santa-rosa-wildfire,0.0272369384765625,0.7976220591955477,0.663441312578881,1576,591,209
santa-rosa-wildfire_00000272_post_disaster_r0_c0,santa-rosa-wildfire,0.0,1.0,1.0,0,0,0
santa-rosa-wildfire_00000272_post_disaster_r0_c256,santa-rosa-wildfire,0.0216827392578125,0.0007032348804500703,0.0007032348804500703,0,0,1421
santa-rosa-wildfire_00000272_post_disaster_r256_c0,santa-rosa-wildfire,0.0234832763671875,0.8407588387467663,0.7253346554288548,1462,477,77
santa-rosa-wildfire_00000272_post_disaster_r256_c256,santa-rosa-wildfire,0.007080078125,0.28314864348490637,0.16510903426791276,370,1782,94
santa-rosa-wildfire_00000272_post_disaster_r256_c512,santa-rosa-wildfire,0.0391845703125,0.7552563629656953,0.6068148148148148,2047,806,521
santa-rosa-wildfire_00000272_post_disaster_r256_c768,santa-rosa-wildfire,0.0456085205078125,0.7458216117822274,0.5947229551451187,2253,800,736
santa-rosa-wildfire_00000272_post_disaster_r512_c512,santa-rosa-wildfire,0.0,1.0,1.0,0,0,0
santa-rosa-wildfire_00000272_post_disaster_r512_c768,santa-rosa-wildfire,0.041473388671875,0.793756397134084,0.6580882352941176,2326,817,392
santa-rosa-wildfire_00000272_post_disaster_r768_c0,santa-rosa-wildfire,0.0537109375,0.8351631594998475,0.7170157068062827,2738,299,782
santa-rosa-wildfire_00000272_post_disaster_r768_c768,santa-rosa-wildfire,0.0,1.0,1.0,0,0,0
santa-rosa-wildfire_00000276_post_disaster_r0_c0,santa-rosa-wildfire,0.0196533203125,0.9066086268302335,0.829232995658466,1145,93,143
santa-rosa-wildfire_00000276_post_disaster_r0_c256,santa-rosa-wildfire,0.0624542236328125,0.874968266057375,0.7777527075812274,3446,338,647
santa-rosa-wildfire_00000276_post_disaster_r0_c512,santa-rosa-wildfire,0.0673675537109375,0.7645021645021645,0.6188188188188188,3090,579,1325
santa-rosa-wildfire_00000276_post_disaster_r0_c768,santa-rosa-wildfire,0.0264129638671875,0.7540705563093623,0.6053347849755035,1111,105,620
santa-rosa-wildfire_00000276_post_disaster_r256_c256,santa-rosa-wildfire,0.0,1.0,1.0,0,0,0
santa-rosa-wildfire_00000276_post_disaster_r256_c512,santa-rosa-wildfire,0.00726318359375,0.6653449643140364,0.498812351543943,419,365,57
santa-rosa-wildfire_00000276_post_disaster_r256_c768,santa-rosa-wildfire,0.025360107421875,0.40830081589216033,0.25668449197860965,575,581,1087
santa-rosa-wildfire_00000276_post_disaster_r512_c768,santa-rosa-wildfire,0.0363006591796875,0.7662685337726524,0.6211615487316422,1860,616,519
santa-rosa-wildfire_00000276_post_disaster_r768_c256,santa-rosa-wildfire,0.0283966064453125,0.8357307249712314,0.7178853754940712,1452,162,409
santa-rosa-wildfire_00000276_post_disaster_r768_c512,santa-rosa-wildfire,0.007843017578125,0.001941747572815534,0.001941747572815534,0,0,514
santa-rosa-wildfire_00000296_post_disaster_r0_c768,santa-rosa-wildfire,0.0135955810546875,0.8024813895781637,0.6702568351284176,808,315,83
santa-rosa-wildfire_00000296_post_disaster_r256_c768,santa-rosa-wildfire,0.0205535888671875,0.6121291448516579,0.44123192960402263,701,243,646
santa-rosa-wildfire_00000296_post_disaster_r512_c512,santa-rosa-wildfire,0.0384979248046875,0.6073467361628195,0.436208125445474,1223,282,1300
santa-rosa-wildfire_00000296_post_disaster_r512_c768,santa-rosa-wildfire,0.0,1.0,1.0,0,0,0
santa-rosa-wildfire_00000301_post_disaster_r0_c0,santa-rosa-wildfire,0.0128936767578125,0.79421768707483,0.6588345864661654,700,218,145
santa-rosa-wildfire_00000301_post_disaster_r0_c512,santa-rosa-wildfire,0.0,1.0,1.0,0,0,0
santa-rosa-wildfire_00000301_post_disaster_r256_c0,santa-rosa-wildfire,0.0066375732421875,0.6597701149425287,0.49257142857142855,430,439,5
santa-rosa-wildfire_00000301_post_disaster_r512_c512,santa-rosa-wildfire,0.0,1.0,1.0,0,0,0
santa-rosa-wildfire_00000308_post_disaster_r0_c0,santa-rosa-wildfire,0.0144500732421875,0.6420901932712957,0.4731296101159115,448,1,499
santa-rosa-wildfire_00000308_post_disaster_r256_c256,santa-rosa-wildfire,0.0543670654296875,0.8521585663860983,0.7424314096499527,3138,664,425
santa-rosa-wildfire_00000308_post_disaster_r256_c512,santa-rosa-wildfire,0.01513671875,0.8015384615384615,0.6689478186484175,781,176,211
santa-rosa-wildfire_00000308_post_disaster_r512_c256,santa-rosa-wildfire,0.0407257080078125,0.8755597014925374,0.778699402786994,2346,344,323
santa-rosa-wildfire_00000308_post_disaster_r512_c512,santa-rosa-wildfire,0.043182373046875,0.7489059080962801,0.5986592830078694,2053,600,777
santa-rosa-wildfire_00000308_post_disaster_r768_c512,santa-rosa-wildfire,0.051910400390625,0.7981894150417828,0.6641946697566629,2865,912,537
santa-rosa-wildfire_00000315_post_disaster_r0_c512,santa-rosa-wildfire,0.0,1.0,1.0,0,0,0
santa-rosa-wildfire_00000315_post_disaster_r512_c256,santa-rosa-wildfire,0.0,1.0,1.0,0,0,0
santa-rosa-wildfire_00000315_post_disaster_r768_c0,santa-rosa-wildfire,0.0129241943359375,0.6981927710843373,0.5365402405180388,579,233,268
santa-rosa-wildfire_00000331_post_disaster_r0_c768,santa-rosa-wildfire,0.0163421630859375,0.6881060116354234,0.5246305418719212,1064,958,7
santa-rosa-wildfire_00000331_post_disaster_r256_c768,santa-rosa-wildfire,0.0,1.0,1.0,0,0,0
santa-rosa-wildfire_00000331_post_disaster_r768_c768,santa-rosa-wildfire,0.0,1.0,1.0,0,0,0
santa-rosa-wildfire_00000338_post_disaster_r0_c768,santa-rosa-wildfire,0.0224151611328125,0.0006802721088435374,0.0006802721088435374,0,0,1469
santa-rosa-wildfire_00000356_post_disaster_r0_c0,santa-rosa-wildfire,0.01055908203125,0.3946395563770795,0.24626006904487918,213,176,479
santa-rosa-wildfire_00000356_post_disaster_r0_c256,santa-rosa-wildfire,0.025909423828125,0.6168332052267487,0.4461111111111111,802,101,896
santa-rosa-wildfire_00000356_post_disaster_r256_c0,santa-rosa-wildfire,0.020843505859375,0.7043375627028622,0.5437158469945356,1193,829,173
santa-rosa-wildfire_00000356_post_disaster_r256_c256,santa-rosa-wildfire,0.0,1.0,1.0,0,0,0
santa-rosa-wildfire_00000356_post_disaster_r256_c512,santa-rosa-wildfire,0.0,0.0006816632583503749,0.0006816632583503749,0,1466,0
santa-rosa-wildfire_00000356_post_disaster_r512_c0,santa-rosa-wildfire,0.0,1.0,1.0,0,0,0
santa-rosa-wildfire_00000356_post_disaster_r768_c512,santa-rosa-wildfire,0.0,1.0,1.0,0,0,0
santa-rosa-wildfire_00000361_post_disaster_r0_c0,santa-rosa-wildfire,0.03997802734375,0.6297994269340974,0.4597156398104265,1648,966,972
santa-rosa-wildfire_00000361_post_disaster_r768_c0,santa-rosa-wildfire,0.0,1.0,1.0,0,0,0
santa-rosa-wildfire_00000362_post_disaster_r0_c0,santa-rosa-wildfire,0.0,1.0,1.0,0,0,0
santa-rosa-wildfire_00000362_post_disaster_r512_c0,santa-rosa-wildfire,0.0,1.0,1.0,0,0,0
santa-rosa-wildfire_00000362_post_disaster_r768_c512,santa-rosa-wildfire,0.0,1.0,1.0,0,0,0
santa-rosa-wildfire_00000372_post_disaster_r0_c512,santa-rosa-wildfire,0.0,1.0,1.0,0,0,0
santa-rosa-wildfire_00000372_post_disaster_r768_c768,santa-rosa-wildfire,0.0,1.0,1.0,0,0,0
socal-fire_00000001_post_disaster_r0_c0,socal-fire,0.0,1.0,1.0,0,0,0
socal-fire_00000001_post_disaster_r0_c512,socal-fire,0.0,1.0,1.0,0,0,0
socal-fire_00000001_post_disaster_r0_c768,socal-fire,0.0,1.0,1.0,0,0,0
socal-fire_00000002_post_disaster_r0_c512,socal-fire,0.0,1.0,1.0,0,0,0
socal-fire_00000002_post_disaster_r0_c768,socal-fire,0.0,1.0,1.0,0,0,0
socal-fire_00000002_post_disaster_r256_c0,socal-fire,0.0,0.004901960784313725,0.004901960784313725,0,203,0
socal-fire_00000002_post_disaster_r256_c256,socal-fire,0.0,1.0,1.0,0,0,0
socal-fire_00000008_post_disaster_r256_c256,socal-fire,0.0,1.0,1.0,0,0,0
socal-fire_00000042_post_disaster_r0_c0,socal-fire,0.0,1.0,1.0,0,0,0
socal-fire_00000042_post_disaster_r256_c768,socal-fire,0.0,1.0,1.0,0,0,0
socal-fire_00000042_post_disaster_r768_c512,socal-fire,0.0,1.0,1.0,0,0,0
socal-fire_00000042_post_disaster_r768_c768,socal-fire,0.0,1.0,1.0,0,0,0
socal-fire_00000073_post_disaster_r0_c256,socal-fire,0.0,1.0,1.0,0,0,0
socal-fire_00000073_post_disaster_r768_c0,socal-fire,0.0,1.0,1.0,0,0,0
socal-fire_00000073_post_disaster_r768_c256,socal-fire,0.0,1.0,1.0,0,0,0
socal-fire_00000078_post_disaster_r0_c768,socal-fire,0.0,1.0,1.0,0,0,0
socal-fire_00000078_post_disaster_r256_c512,socal-fire,0.0,1.0,1.0,0,0,0
socal-fire_00000082_post_disaster_r0_c256,socal-fire,0.0078887939453125,0.8614341085271318,0.7568027210884354,444,70,73
socal-fire_00000082_post_disaster_r0_c512,socal-fire,0.031890869140625,0.7767410104688212,0.6350446428571429,1706,597,384
socal-fire_00000082_post_disaster_r256_c0,socal-fire,0.009765625,0.6847400782560089,0.5208156329651656,612,536,28
socal-fire_00000082_post_disaster_r256_c512,socal-fire,0.020843505859375,0.6784985720114239,0.5135802469135803,831,253,535
socal-fire_00000082_post_disaster_r256_c768,socal-fire,0.01812744140625,0.5514883346741754,0.38089950027762354,685,612,503
socal-fire_00000082_post_disaster_r512_c0,socal-fire,0.02862548828125,0.751786464901219,0.6023569023569023,1788,1093,88
socal-fire_00000082_post_disaster_r512_c768,socal-fire,0.0151824951171875,0.3808535862477771,0.23535871156661786,642,1736,353
socal-fire_00000107_post_disaster_r512_c768,socal-fire,0.0,1.0,1.0,0,0,0
socal-fire_00000107_post_disaster_r768_c256,socal-fire,0.0,1.0,1.0,0,0,0
socal-fire_00000110_post_disaster_r512_c512,socal-fire,0.0,1.0,1.0,0,0,0
socal-fire_00000110_post_disaster_r512_c768,socal-fire,0.0,1.0,1.0,0,0,0
socal-fire_00000110_post_disaster_r768_c768,socal-fire,0.0,1.0,1.0,0,0,0
socal-fire_00000136_post_disaster_r0_c256,socal-fire,0.0,1.0,1.0,0,0,0
socal-fire_00000136_post_disaster_r512_c768,socal-fire,0.0,1.0,1.0,0,0,0
socal-fire_00000157_post_disaster_r0_c256,socal-fire,0.0,1.0,1.0,0,0,0
socal-fire_00000157_post_disaster_r256_c0,socal-fire,0.0,1.0,1.0,0,0,0
socal-fire_00000157_post_disaster_r512_c0,socal-fire,0.0,1.0,1.0,0,0,0
socal-fire_00000157_post_disaster_r768_c256,socal-fire,0.0,1.0,1.0,0,0,0
socal-fire_00000204_post_disaster_r0_c256,socal-fire,0.0191192626953125,0.0007974481658692185,0.0007974481658692185,0,0,1253
socal-fire_00000204_post_disaster_r256_c512,socal-fire,0.0,1.0,1.0,0,0,0
socal-fire_00000204_post_disaster_r256_c768,socal-fire,0.0,1.0,1.0,0,0,0
socal-fire_00000204_post_disaster_r768_c0,socal-fire,0.0,1.0,1.0,0,0,0
socal-fire_00000204_post_disaster_r768_c256,socal-fire,0.0,1.0,1.0,0,0,0
socal-fire_00000220_post_disaster_r0_c0,socal-fire,0.0,1.0,1.0,0,0,0
socal-fire_00000220_post_disaster_r0_c768,socal-fire,0.0,1.0,1.0,0,0,0
socal-fire_00000220_post_disaster_r256_c0,socal-fire,0.0,1.0,1.0,0,0,0
socal-fire_00000220_post_disaster_r768_c0,socal-fire,0.013671875,0.0003904724716907458,0.0003904724716907458,0,1664,896
socal-fire_00000220_post_disaster_r768_c256,socal-fire,0.0260772705078125,0.4700803810657934,0.30739299610894943,789,860,920
socal-fire_00000224_post_disaster_r512_c0,socal-fire,0.0,1.0,1.0,0,0,0
socal-fire_00000224_post_disaster_r768_c0,socal-fire,0.0,1.0,1.0,0,0,0
socal-fire_00000228_post_disaster_r0_c0,socal-fire,0.0,1.0,1.0,0,0,0
socal-fire_00000228_post_disaster_r512_c0,socal-fire,0.0218505859375,0.7441089837997055,0.5926143024618992,1010,273,422
socal-fire_00000228_post_disaster_r512_c256,socal-fire,0.0,1.0,1.0,0,0,0
socal-fire_00000228_post_disaster_r512_c768,socal-fire,0.0208740234375,0.8718036140470508,0.7728096676737161,1278,286,90
socal-fire_00000228_post_disaster_r768_c0,socal-fire,0.012451171875,0.8622719246615657,0.7580144777662875,732,150,84
socal-fire_00000228_post_disaster_r768_c768,socal-fire,0.0162353515625,0.7489925158318941,0.5988960441582337,650,22,414
socal-fire_00000239_post_disaster_r0_c512,socal-fire,0.0,1.0,1.0,0,0,0
socal-fire_00000239_post_disaster_r0_c768,socal-fire,0.0,1.0,1.0,0,0,0
socal-fire_00000239_post_disaster_r256_c256,socal-fire,0.0,1.0,1.0,0,0,0
socal-fire_00000239_post_disaster_r768_c0,socal-fire,0.0,1.0,1.0,0,0,0
socal-fire_00000264_post_disaster_r256_c512,socal-fire,0.0,1.0,1.0,0,0,0
socal-fire_00000264_post_disaster_r256_c768,socal-fire,0.0,1.0,1.0,0,0,0
socal-fire_00000264_post_disaster_r512_c256,socal-fire,0.0,1.0,1.0,0,0,0
socal-fire_00000264_post_disaster_r768_c512,socal-fire,0.0,1.0,1.0,0,0,0
socal-fire_00000265_post_disaster_r512_c0,socal-fire,0.010498046875,0.818019093078759,0.6922300706357215,685,302,3
socal-fire_00000265_post_disaster_r512_c256,socal-fire,0.009002685546875,0.6502770083102493,0.48205128205128206,469,384,121
socal-fire_00000301_post_disaster_r0_c256,socal-fire,0.050201416015625,0.8719305385972053,0.772967772967773,3213,867,77
socal-fire_00000301_post_disaster_r0_c512,socal-fire,0.0,1.0,1.0,0,0,0
socal-fire_00000301_post_disaster_r512_c512,socal-fire,0.0,1.0,1.0,0,0,0
socal-fire_00000301_post_disaster_r768_c768,socal-fire,0.0,1.0,1.0,0,0,0
socal-fire_00000311_post_disaster_r512_c768,socal-fire,0.0,1.0,1.0,0,0,0
socal-fire_00000311_post_disaster_r768_c512,socal-fire,0.0,1.0,1.0,0,0,0
socal-fire_00000311_post_disaster_r768_c768,socal-fire,0.0,1.0,1.0,0,0,0
socal-fire_00000313_post_disaster_r256_c0,socal-fire,0.0,1.0,1.0,0,0,0
socal-fire_00000313_post_disaster_r256_c512,socal-fire,0.0,1.0,1.0,0,0,0
socal-fire_00000313_post_disaster_r768_c0,socal-fire,0.0,1.0,1.0,0,0,0
socal-fire_00000313_post_disaster_r768_c512,socal-fire,0.0,1.0,1.0,0,0,0
socal-fire_00000340_post_disaster_r0_c0,socal-fire,0.0,1.0,1.0,0,0,0
socal-fire_00000340_post_disaster_r256_c0,socal-fire,0.0,0.0008431703204047217,0.0008431703204047217,0,1185,0
socal-fire_00000340_post_disaster_r768_c0,socal-fire,0.0233612060546875,0.7356093687971417,0.5819209039548022,926,61,605
socal-fire_00000340_post_disaster_r768_c256,socal-fire,0.0,0.0006134969325153375,0.0006134969325153375,0,1629,0
socal-fire_00000343_post_disaster_r0_c512,socal-fire,0.0,1.0,1.0,0,0,0
socal-fire_00000343_post_disaster_r768_c0,socal-fire,0.026031494140625,0.7990208709095594,0.6653796653796654,1550,624,156
socal-fire_00000343_post_disaster_r768_c256,socal-fire,0.007415771484375,0.002053388090349076,0.002053388090349076,0,0,486
socal-fire_00000343_post_disaster_r768_c512,socal-fire,0.0,1.0,1.0,0,0,0
socal-fire_00000349_post_disaster_r256_c0,socal-fire,0.0,1.0,1.0,0,0,0
socal-fire_00000349_post_disaster_r512_c768,socal-fire,0.0,1.0,1.0,0,0,0
socal-fire_00000349_post_disaster_r768_c768,socal-fire,0.0,1.0,1.0,0,0,0
socal-fire_00000353_post_disaster_r256_c768,socal-fire,0.0,1.0,1.0,0,0,0
socal-fire_00000353_post_disaster_r512_c512,socal-fire,0.0,1.0,1.0,0,0,0
socal-fire_00000353_post_disaster_r512_c768,socal-fire,0.0,1.0,1.0,0,0,0
socal-fire_00000353_post_disaster_r768_c256,socal-fire,0.0,1.0,1.0,0,0,0
socal-fire_00000353_post_disaster_r768_c512,socal-fire,0.0,1.0,1.0,0,0,0
socal-fire_00000357_post_disaster_r768_c512,socal-fire,0.0,1.0,1.0,0,0,0
socal-fire_00000374_post_disaster_r256_c256,socal-fire,0.0,1.0,1.0,0,0,0
socal-fire_00000374_post_disaster_r512_c512,socal-fire,0.0,1.0,1.0,0,0,0
socal-fire_00000374_post_disaster_r768_c768,socal-fire,0.0,1.0,1.0,0,0,0
socal-fire_00000377_post_disaster_r0_c0,socal-fire,0.0,1.0,1.0,0,0,0
socal-fire_00000377_post_disaster_r512_c256,socal-fire,0.0,1.0,1.0,0,0,0
socal-fire_00000377_post_disaster_r768_c0,socal-fire,0.0,1.0,1.0,0,0,0
socal-fire_00000377_post_disaster_r768_c256,socal-fire,0.0,1.0,1.0,0,0,0
socal-fire_00000377_post_disaster_r768_c768,socal-fire,0.0,1.0,1.0,0,0,0
socal-fire_00000387_post_disaster_r0_c512,socal-fire,0.01531982421875,0.22099940511600238,0.12437311935807423,371,1986,633
socal-fire_00000387_post_disaster_r0_c768,socal-fire,0.046295166015625,0.4064516129032258,0.25515800470096633,976,794,2058
socal-fire_00000387_post_disaster_r256_c512,socal-fire,0.0657806396484375,0.29617465224111283,0.17392290249433107,766,98,3545
socal-fire_00000387_post_disaster_r256_c768,socal-fire,0.0416259765625,0.6491652552625212,0.4806590257879656,1341,63,1387
socal-fire_00000387_post_disaster_r512_c512,socal-fire,0.0412445068359375,0.009204712812960236,0.004807692307692308,12,0,2691
socal-fire_00000387_post_disaster_r512_c768,socal-fire,0.0086669921875,0.0017574692442882249,0.0017574692442882249,0,0,568
socal-fire_00000398_post_disaster_r256_c256,socal-fire,0.0,1.0,1.0,0,0,0
socal-fire_00000398_post_disaster_r512_c0,socal-fire,0.0,1.0,1.0,0,0,0
socal-fire_00000411_post_disaster_r256_c256,socal-fire,0.0,1.0,1.0,0,0,0
socal-fire_00000411_post_disaster_r512_c256,socal-fire,0.0,1.0,1.0,0,0,0
socal-fire_00000411_post_disaster_r768_c512,socal-fire,0.0,1.0,1.0,0,0,0
socal-fire_00000429_post_disaster_r0_c768,socal-fire,0.0,1.0,1.0,0,0,0
socal-fire_00000429_post_disaster_r256_c512,socal-fire,0.0,1.0,1.0,0,0,0
socal-fire_00000430_post_disaster_r512_c512,socal-fire,0.0,1.0,1.0,0,0,0
socal-fire_00000430_post_disaster_r512_c768,socal-fire,0.0,1.0,1.0,0,0,0
socal-fire_00000430_post_disaster_r768_c256,socal-fire,0.0,1.0,1.0,0,0,0
socal-fire_00000436_post_disaster_r0_c0,socal-fire,0.0349578857421875,0.004032258064516129,0.0021545919741448962,7,1421,2284
socal-fire_00000436_post_disaster_r0_c768,socal-fire,0.0,1.0,1.0,0,0,0
socal-fire_00000436_post_disaster_r256_c0,socal-fire,0.04083251953125,0.1765940697979533,0.09697841726618706,336,798,2340
socal-fire_00000436_post_disaster_r256_c256,socal-fire,0.01177978515625,0.00129366106080207,0.00129366106080207,0,0,772
socal-fire_00000447_post_disaster_r0_c512,socal-fire,0.0,1.0,1.0,0,0,0
socal-fire_00000447_post_disaster_r512_c256,socal-fire,0.0,1.0,1.0,0,0,0
socal-fire_00000501_post_disaster_r0_c256,socal-fire,0.0738525390625,0.8376129827444536,0.720622018024386,4077,818,763
socal-fire_00000501_post_disaster_r256_c0,socal-fire,0.014312744140625,0.7406305770374777,0.5882908404154863,622,120,316
socal-fire_00000501_post_disaster_r256_c256,socal-fire,0.042144775390625,0.7692932575142161,0.6251319957761352,2367,1025,395
socal-fire_00000501_post_disaster_r256_c512,socal-fire,0.0068511962890625,0.0022222222222222222,0.0022222222222222222,0,0,449
socal-fire_00000501_post_disaster_r512_c0,socal-fire,0.01287841796875,0.7846593616007622,0.64576802507837,823,431,21
socal-fire_00000501_post_disaster_r512_c256,socal-fire,0.0363616943359375,0.7981922154584025,0.6642111724984653,2163,874,220
socal-fire_00000505_post_disaster_r256_c0,socal-fire,0.0,1.0,1.0,0,0,0
socal-fire_00000519_post_disaster_r256_c768,socal-fire,0.0,1.0,1.0,0,0,0
socal-fire_00000519_post_disaster_r512_c0,socal-fire,0.0,1.0,1.0,0,0,0
socal-fire_00000519_post_disaster_r768_c0,socal-fire,0.0,1.0,1.0,0,0,0
socal-fire_00000528_post_disaster_r768_c0,socal-fire,0.0,1.0,1.0,0,0,0
socal-fire_00000533_post_disaster_r0_c512,socal-fire,0.0,1.0,1.0,0,0,0
socal-fire_00000533_post_disaster_r768_c0,socal-fire,0.0,1.0,1.0,0,0,0
socal-fire_00000533_post_disaster_r768_c256,socal-fire,0.0,1.0,1.0,0,0,0
socal-fire_00000538_post_disaster_r256_c256,socal-fire,0.0,1.0,1.0,0,0,0
socal-fire_00000540_post_disaster_r256_c0,socal-fire,0.0,1.0,1.0,0,0,0
socal-fire_00000547_post_disaster_r512_c256,socal-fire,0.0,1.0,1.0,0,0,0
socal-fire_00000547_post_disaster_r512_c512,socal-fire,0.0,1.0,1.0,0,0,0
socal-fire_00000547_post_disaster_r768_c512,socal-fire,0.0,1.0,1.0,0,0,0
socal-fire_00000563_post_disaster_r256_c512,socal-fire,0.0,1.0,1.0,0,0,0
socal-fire_00000563_post_disaster_r768_c512,socal-fire,0.0,1.0,1.0,0,0,0
socal-fire_00000572_post_disaster_r0_c512,socal-fire,0.0,1.0,1.0,0,0,0
socal-fire_00000572_post_disaster_r0_c768,socal-fire,0.0,1.0,1.0,0,0,0
socal-fire_00000572_post_disaster_r256_c512,socal-fire,0.0,1.0,1.0,0,0,0
socal-fire_00000578_post_disaster_r0_c768,socal-fire,0.0,1.0,1.0,0,0,0
socal-fire_00000578_post_disaster_r256_c512,socal-fire,0.0,1.0,1.0,0,0,0
socal-fire_00000578_post_disaster_r768_c256,socal-fire,0.0,1.0,1.0,0,0,0
socal-fire_00000584_post_disaster_r0_c768,socal-fire,0.0,1.0,1.0,0,0,0
socal-fire_00000584_post_disaster_r512_c512,socal-fire,0.0,1.0,1.0,0,0,0
socal-fire_00000584_post_disaster_r512_c768,socal-fire,0.0,1.0,1.0,0,0,0
socal-fire_00000584_post_disaster_r768_c256,socal-fire,0.0,1.0,1.0,0,0,0
socal-fire_00000598_post_disaster_r0_c768,socal-fire,0.0,1.0,1.0,0,0,0
socal-fire_00000598_post_disaster_r256_c0,socal-fire,0.027557373046875,0.7902097902097902,0.6532593619972261,1412,356,394
socal-fire_00000598_post_disaster_r512_c0,socal-fire,0.0203094482421875,0.7724432752384084,0.6293519014461704,1174,535,157
socal-fire_00000598_post_disaster_r768_c512,socal-fire,0.0,1.0,1.0,0,0,0
socal-fire_00000631_post_disaster_r0_c0,socal-fire,0.024383544921875,0.7241151174330136,0.567651632970451,1094,330,504
socal-fire_00000631_post_disaster_r0_c256,socal-fire,0.020751953125,0.8546238244514106,0.7462380300957593,1090,101,270
socal-fire_00000631_post_disaster_r256_c768,socal-fire,0.0183563232421875,0.9264705882352942,0.8630643967431533,1165,147,38
socal-fire_00000631_post_disaster_r512_c0,socal-fire,0.0680694580078125,0.8281864121280179,0.7067842085090073,3687,756,774
socal-fire_00000631_post_disaster_r512_c768,socal-fire,0.0066986083984375,0.6545048399106478,0.48672566371681414,439,464,0
socal-fire_00000631_post_disaster_r768_c0,socal-fire,0.09454345703125,0.8100015800284405,0.6806956983536909,5126,1335,1070
socal-fire_00000631_post_disaster_r768_c512,socal-fire,0.0191497802734375,0.7561381606325427,0.6080267558528428,908,239,347
socal-fire_00000657_post_disaster_r512_c512,socal-fire,0.0,1.0,1.0,0,0,0
socal-fire_00000657_post_disaster_r512_c768,socal-fire,0.1053314208984375,0.8024145170965807,0.6700475832707238,5350,1082,1553
socal-fire_00000657_post_disaster_r768_c0,socal-fire,0.0,1.0,1.0,0,0,0
socal-fire_00000657_post_disaster_r768_c768,socal-fire,0.2066650390625,0.730219531282178,0.5750891988323062,8864,1870,4680
socal-fire_00000665_post_disaster_r512_c768,socal-fire,0.0,1.0,1.0,0,0,0
socal-fire_00000665_post_disaster_r768_c768,socal-fire,0.0,1.0,1.0,0,0,0
socal-fire_00000666_post_disaster_r0_c0,socal-fire,0.01025390625,0.8544871794871794,0.7460850111856824,666,221,6
socal-fire_00000666_post_disaster_r0_c256,socal-fire,0.0453338623046875,0.8107003891050584,0.681714098789663,2083,85,888
socal-fire_00000666_post_disaster_r256_c0,socal-fire,0.0,1.0,1.0,0,0,0
socal-fire_00000666_post_disaster_r256_c256,socal-fire,0.0,1.0,1.0,0,0,0
socal-fire_00000666_post_disaster_r512_c768,socal-fire,0.0,1.0,1.0,0,0,0
socal-fire_00000666_post_disaster_r768_c0,socal-fire,0.0,1.0,1.0,0,0,0
socal-fire_00000692_post_disaster_r0_c512,socal-fire,0.0322265625,0.8565334530758868,0.7491166077738516,1907,434,205
socal-fire_00000692_post_disaster_r0_c768,socal-fire,0.02020263671875,0.5297105129507365,0.36049723756906077,521,123,803
socal-fire_00000692_post_disaster_r256_c256,socal-fire,0.070556640625,0.7607949959644875,0.6139693910778248,3770,1517,854
socal-fire_00000692_post_disaster_r256_c512,socal-fire,0.074188232421875,0.7782371924162969,0.6370089138329482,3858,1195,1004
socal-fire_00000692_post_disaster_r512_c256,socal-fire,0.0,1.0,1.0,0,0,0
socal-fire_00000692_post_disaster_r512_c768,socal-fire,0.0,1.0,1.0,0,0,0
socal-fire_00000692_post_disaster_r768_c0,socal-fire,0.0,1.0,1.0,0,0,0
socal-fire_00000692_post_disaster_r768_c768,socal-fire,0.0,1.0,1.0,0,0,0
socal-fire_00000697_post_disaster_r0_c0,socal-fire,0.0,1.0,1.0,0,0,0
socal-fire_00000697_post_disaster_r0_c512,socal-fire,0.0,1.0,1.0,0,0,0
socal-fire_00000697_post_disaster_r0_c768,socal-fire,0.0,1.0,1.0,0,0,0
socal-fire_00000697_post_disaster_r256_c0,socal-fire,0.0,1.0,1.0,0,0,0
socal-fire_00000704_post_disaster_r0_c768,socal-fire,0.0,1.0,1.0,0,0,0
socal-fire_00000725_post_disaster_r768_c512,socal-fire,0.0,1.0,1.0,0,0,0
socal-fire_00000744_post_disaster_r512_c256,socal-fire,0.0,1.0,1.0,0,0,0
socal-fire_00000744_post_disaster_r512_c768,socal-fire,0.0,1.0,1.0,0,0,0
socal-fire_00000744_post_disaster_r768_c256,socal-fire,0.0,1.0,1.0,0,0,0
socal-fire_00000757_post_disaster_r256_c0,socal-fire,0.0,1.0,1.0,0,0,0
socal-fire_00000757_post_disaster_r256_c256,socal-fire,0.0,1.0,1.0,0,0,0
socal-fire_00000757_post_disaster_r768_c0,socal-fire,0.0,1.0,1.0,0,0,0
socal-fire_00000769_post_disaster_r0_c256,socal-fire,0.0,1.0,1.0,0,0,0
socal-fire_00000769_post_disaster_r256_c256,socal-fire,0.0,1.0,1.0,0,0,0
socal-fire_00000769_post_disaster_r768_c0,socal-fire,0.0,1.0,1.0,0,0,0
socal-fire_00000770_post_disaster_r256_c768,socal-fire,0.0,1.0,1.0,0,0,0
socal-fire_00000770_post_disaster_r512_c0,socal-fire,0.0,1.0,1.0,0,0,0
socal-fire_00000770_post_disaster_r512_c256,socal-fire,0.0,1.0,1.0,0,0,0
socal-fire_00000770_post_disaster_r512_c768,socal-fire,0.0,1.0,1.0,0,0,0
socal-fire_00000776_post_disaster_r0_c768,socal-fire,0.0,1.0,1.0,0,0,0
socal-fire_00000776_post_disaster_r512_c256,socal-fire,0.0,1.0,1.0,0,0,0
socal-fire_00000820_post_disaster_r0_c768,socal-fire,0.0,1.0,1.0,0,0,0
socal-fire_00000820_post_disaster_r256_c256,socal-fire,0.0,1.0,1.0,0,0,0
socal-fire_00000820_post_disaster_r512_c256,socal-fire,0.0,1.0,1.0,0,0,0
socal-fire_00000820_post_disaster_r768_c256,socal-fire,0.0,1.0,1.0,0,0,0
socal-fire_00000821_post_disaster_r256_c512,socal-fire,0.0,1.0,1.0,0,0,0
socal-fire_00000821_post_disaster_r512_c0,socal-fire,0.03363037109375,0.0004418912947414936,0.0004418912947414936,0,58,2204
socal-fire_00000821_post_disaster_r512_c256,socal-fire,0.030914306640625,0.44086021505376344,0.28290848307563726,676,366,1350
socal-fire_00000821_post_disaster_r512_c512,socal-fire,0.0,1.0,1.0,0,0,0
socal-fire_00000821_post_disaster_r768_c0,socal-fire,0.121368408203125,0.713894780050626,0.5551063829787234,5217,1445,2737
socal-fire_00000821_post_disaster_r768_c256,socal-fire,0.0223388671875,0.2856547122602168,0.16682879377431906,342,591,1122
socal-fire_00000821_post_disaster_r768_c512,socal-fire,0.069366455078125,0.7443849165464661,0.5928782408926814,3612,1547,934
socal-fire_00000835_post_disaster_r0_c768,socal-fire,0.0,1.0,1.0,0,0,0
socal-fire_00000835_post_disaster_r256_c512,socal-fire,0.0,1.0,1.0,0,0,0
socal-fire_00000835_post_disaster_r768_c768,socal-fire,0.0,1.0,1.0,0,0,0
socal-fire_00000838_post_disaster_r256_c256,socal-fire,0.0,1.0,1.0,0,0,0
socal-fire_00000838_post_disaster_r512_c512,socal-fire,0.0,1.0,1.0,0,0,0
socal-fire_00000838_post_disaster_r768_c256,socal-fire,0.0,1.0,1.0,0,0,0
socal-fire_00000852_post_disaster_r0_c256,socal-fire,0.0,1.0,1.0,0,0,0
socal-fire_00000852_post_disaster_r256_c768,socal-fire,0.0,1.0,1.0,0,0,0
socal-fire_00000858_post_disaster_r256_c256,socal-fire,0.0,1.0,1.0,0,0,0
socal-fire_00000858_post_disaster_r512_c0,socal-fire,0.0,1.0,1.0,0,0,0
socal-fire_00000858_post_disaster_r512_c256,socal-fire,0.0,1.0,1.0,0,0,0
socal-fire_00000891_post_disaster_r0_c512,socal-fire,0.0,1.0,1.0,0,0,0
socal-fire_00000891_post_disaster_r256_c0,socal-fire,0.0,1.0,1.0,0,0,0
socal-fire_00000912_post_disaster_r0_c0,socal-fire,0.0,1.0,1.0,0,0,0
socal-fire_00000912_post_disaster_r256_c256,socal-fire,0.0,1.0,1.0,0,0,0
socal-fire_00000912_post_disaster_r768_c0,socal-fire,0.0,1.0,1.0,0,0,0
socal-fire_00000912_post_disaster_r768_c256,socal-fire,0.0,1.0,1.0,0,0,0
socal-fire_00000912_post_disaster_r768_c512,socal-fire,0.03472900390625,0.0004391743522178305,0.0004391743522178305,0,0,2276
socal-fire_00000912_post_disaster_r768_c768,socal-fire,0.0,1.0,1.0,0,0,0
socal-fire_00000916_post_disaster_r0_c256,socal-fire,0.0,1.0,1.0,0,0,0
socal-fire_00000916_post_disaster_r0_c768,socal-fire,0.0,1.0,1.0,0,0,0
socal-fire_00000916_post_disaster_r768_c512,socal-fire,0.0,1.0,1.0,0,0,0
socal-fire_00000926_post_disaster_r0_c0,socal-fire,0.0,1.0,1.0,0,0,0
socal-fire_00000931_post_disaster_r512_c768,socal-fire,0.0,1.0,1.0,0,0,0
socal-fire_00000931_post_disaster_r768_c256,socal-fire,0.0,1.0,1.0,0,0,0
socal-fire_00000931_post_disaster_r768_c768,socal-fire,0.0,1.0,1.0,0,0,0
socal-fire_00000952_post_disaster_r768_c512,socal-fire,0.0,1.0,1.0,0,0,0
socal-fire_00000964_post_disaster_r0_c0,socal-fire,0.0,1.0,1.0,0,0,0
socal-fire_00000964_post_disaster_r256_c256,socal-fire,0.0,1.0,1.0,0,0,0
socal-fire_00000964_post_disaster_r512_c0,socal-fire,0.0,1.0,1.0,0,0,0
socal-fire_00000964_post_disaster_r512_c512,socal-fire,0.0,1.0,1.0,0,0,0
socal-fire_00000964_post_disaster_r768_c0,socal-fire,0.0,1.0,1.0,0,0,0
socal-fire_00000964_post_disaster_r768_c512,socal-fire,0.0,1.0,1.0,0,0,0
socal-fire_00000978_post_disaster_r256_c256,socal-fire,0.0,1.0,1.0,0,0,0
socal-fire_00000978_post_disaster_r512_c0,socal-fire,0.0,1.0,1.0,0,0,0
socal-fire_00000978_post_disaster_r512_c512,socal-fire,0.0,1.0,1.0,0,0,0
socal-fire_00000987_post_disaster_r0_c768,socal-fire,0.0767364501953125,0.8274825446082235,0.7057558716506781,4266,1016,763
socal-fire_00000987_post_disaster_r256_c256,socal-fire,0.0100250244140625,0.1968487394957983,0.10927306616961789,468,3634,189
socal-fire_00000987_post_disaster_r256_c512,socal-fire,0.0346832275390625,0.7178268952695724,0.5599226804123711,1737,830,536
socal-fire_00000987_post_disaster_r256_c768,socal-fire,0.014495849609375,0.0010515247108307045,0.0010515247108307045,0,0,950
socal-fire_00000987_post_disaster_r768_c512,socal-fire,0.0,1.0,1.0,0,0,0
socal-fire_00000991_post_disaster_r512_c0,socal-fire,0.0,1.0,1.0,0,0,0
socal-fire_00001012_post_disaster_r768_c0,socal-fire,0.0,0.07692307692307693,0.07692307692307693,0,12,0
socal-fire_00001012_post_disaster_r768_c256,socal-fire,0.0,1.0,1.0,0,0,0
socal-fire_00001023_post_disaster_r0_c0,socal-fire,0.0718231201171875,0.7417718898778721,0.5895706530679388,3583,1371,1124
socal-fire_00001023_post_disaster_r256_c0,socal-fire,0.1673583984375,0.41242017463834224,0.25980955508126746,3164,1213,7804
socal-fire_00001023_post_disaster_r256_c256,socal-fire,0.00592041015625,0.15876777251184834,0.08740359897172237,33,0,355
socal-fire_00001023_post_disaster_r512_c0,socal-fire,0.0458221435546875,0.5639340481955494,0.39274245343609504,2445,3224,558
socal-fire_00001023_post_disaster_r512_c256,socal-fire,0.0832672119140625,0.8010939830929885,0.66821499668215,4027,570,1430
socal-fire_00001023_post_disaster_r768_c0,socal-fire,0.062744140625,0.7900122344566789,0.6529411764705882,3551,1327,561
socal-fire_00001023_post_disaster_r768_c256,socal-fire,0.0429229736328125,0.00035536602700781805,0.00035536602700781805,0,0,2813
socal-fire_00001023_post_disaster_r768_c512,socal-fire,0.0211944580078125,0.0007194244604316547,0.0007194244604316547,0,0,1389
socal-fire_00001081_post_disaster_r256_c512,socal-fire,0.0,1.0,1.0,0,0,0
socal-fire_00001081_post_disaster_r512_c512,socal-fire,0.0,1.0,1.0,0,0,0
socal-fire_00001081_post_disaster_r768_c256,socal-fire,0.0,1.0,1.0,0,0,0
socal-fire_00001082_post_disaster_r0_c256,socal-fire,0.0,1.0,1.0,0,0,0
socal-fire_00001082_post_disaster_r0_c768,socal-fire,0.0,1.0,1.0,0,0,0
socal-fire_00001082_post_disaster_r256_c256,socal-fire,0.0,1.0,1.0,0,0,0
socal-fire_00001088_post_disaster_r0_c256,socal-fire,0.012725830078125,0.07916666666666666,0.04163052905464007,47,318,787
socal-fire_00001088_post_disaster_r0_c512,socal-fire,0.010223388671875,0.0014903129657228018,0.0014903129657228018,0,0,670
socal-fire_00001088_post_disaster_r0_c768,socal-fire,0.0,1.0,1.0,0,0,0
socal-fire_00001088_post_disaster_r256_c0,socal-fire,0.0,1.0,1.0,0,0,0
socal-fire_00001088_post_disaster_r256_c256,socal-fire,0.0083770751953125,0.51220703125,0.34448818897637795,524,974,25
socal-fire_00001088_post_disaster_r256_c512,socal-fire,0.013946533203125,0.6176691729323308,0.4469820554649266,821,924,93
socal-fire_00001088_post_disaster_r512_c0,socal-fire,0.037811279296875,0.720445940260833,0.5631163708086785,1712,563,766
socal-fire_00001088_post_disaster_r512_c256,socal-fire,0.0,1.0,1.0,0,0,0
socal-fire_00001088_post_disaster_r512_c512,socal-fire,0.0126800537109375,0.001201923076923077,0.001201923076923077,0,0,831
socal-fire_00001088_post_disaster_r512_c768,socal-fire,0.0,1.0,1.0,0,0,0
socal-fire_00001088_post_disaster_r768_c512,socal-fire,0.020721435546875,0.0007358351729212656,0.0007358351729212656,0,0,1358
socal-fire_00001088_post_disaster_r768_c768,socal-fire,0.0525665283203125,0.6256740302661332,0.45532776512275375,1798,505,1647
socal-fire_00001102_post_disaster_r0_c512,socal-fire,0.0,1.0,1.0,0,0,0
socal-fire_00001102_post_disaster_r512_c0,socal-fire,0.0,1.0,1.0,0,0,0
socal-fire_00001106_post_disaster_r256_c256,socal-fire,0.0,1.0,1.0,0,0,0
socal-fire_00001106_post_disaster_r256_c512,socal-fire,0.0,1.0,1.0,0,0,0
socal-fire_00001106_post_disaster_r512_c0,socal-fire,0.0,1.0,1.0,0,0,0
socal-fire_00001112_post_disaster_r256_c256,socal-fire,0.0,1.0,1.0,0,0,0
socal-fire_00001112_post_disaster_r512_c512,socal-fire,0.0,1.0,1.0,0,0,0
socal-fire_00001120_post_disaster_r0_c768,socal-fire,0.0,1.0,1.0,0,0,0
socal-fire_00001120_post_disaster_r256_c512,socal-fire,0.0,1.0,1.0,0,0,0
socal-fire_00001120_post_disaster_r768_c768,socal-fire,0.00762939453125,0.001996007984031936,0.001996007984031936,0,0,500
socal-fire_00001166_post_disaster_r256_c256,socal-fire,0.0,1.0,1.0,0,0,0
socal-fire_00001166_post_disaster_r768_c512,socal-fire,0.0,1.0,1.0,0,0,0
socal-fire_00001167_post_disaster_r0_c512,socal-fire,0.0,1.0,1.0,0,0,0
socal-fire_00001167_post_disaster_r256_c256,socal-fire,0.0,1.0,1.0,0,0,0
socal-fire_00001167_post_disaster_r256_c768,socal-fire,0.0,1.0,1.0,0,0,0
socal-fire_00001171_post_disaster_r256_c0,socal-fire,0.0,1.0,1.0,0,0,0
socal-fire_00001179_post_disaster_r512_c768,socal-fire,0.0,1.0,1.0,0,0,0
socal-fire_00001179_post_disaster_r768_c512,socal-fire,0.0,1.0,1.0,0,0,0
socal-fire_00001179_post_disaster_r768_c768,socal-fire,0.0,1.0,1.0,0,0,0
socal-fire_00001180_post_disaster_r256_c256,socal-fire,0.0,1.0,1.0,0,0,0
socal-fire_00001180_post_disaster_r512_c0,socal-fire,0.0,1.0,1.0,0,0,0
socal-fire_00001184_post_disaster_r0_c256,socal-fire,0.0,1.0,1.0,0,0,0
socal-fire_00001184_post_disaster_r0_c512,socal-fire,0.0,1.0,1.0,0,0,0
socal-fire_00001184_post_disaster_r512_c768,socal-fire,0.0,1.0,1.0,0,0,0
socal-fire_00001184_post_disaster_r768_c768,socal-fire,0.0,1.0,1.0,0,0,0
socal-fire_00001185_post_disaster_r768_c768,socal-fire,0.0,1.0,1.0,0,0,0
socal-fire_00001195_post_disaster_r256_c0,socal-fire,0.0,1.0,1.0,0,0,0
socal-fire_00001195_post_disaster_r768_c0,socal-fire,0.0,1.0,1.0,0,0,0
socal-fire_00001195_post_disaster_r768_c768,socal-fire,0.0,1.0,1.0,0,0,0
socal-fire_00001197_post_disaster_r0_c512,socal-fire,0.0,1.0,1.0,0,0,0
socal-fire_00001197_post_disaster_r512_c256,socal-fire,0.0,1.0,1.0,0,0,0
socal-fire_00001197_post_disaster_r768_c0,socal-fire,0.0,1.0,1.0,0,0,0
socal-fire_00001197_post_disaster_r768_c768,socal-fire,0.0,1.0,1.0,0,0,0
socal-fire_00001203_post_disaster_r256_c512,socal-fire,0.0,1.0,1.0,0,0,0
socal-fire_00001203_post_disaster_r512_c0,socal-fire,0.0,1.0,1.0,0,0,0
socal-fire_00001203_post_disaster_r512_c256,socal-fire,0.0,1.0,1.0,0,0,0
socal-fire_00001206_post_disaster_r0_c256,socal-fire,0.0,1.0,1.0,0,0,0
socal-fire_00001206_post_disaster_r768_c768,socal-fire,0.0,1.0,1.0,0,0,0
socal-fire_00001227_post_disaster_r0_c768,socal-fire,0.0,1.0,1.0,0,0,0
socal-fire_00001227_post_disaster_r512_c512,socal-fire,0.0,1.0,1.0,0,0,0
socal-fire_00001228_post_disaster_r0_c512,socal-fire,0.0,1.0,1.0,0,0,0
socal-fire_00001242_post_disaster_r0_c0,socal-fire,0.0,1.0,1.0,0,0,0
socal-fire_00001242_post_disaster_r256_c256,socal-fire,0.0,1.0,1.0,0,0,0
socal-fire_00001242_post_disaster_r256_c512,socal-fire,0.0,1.0,1.0,0,0,0
socal-fire_00001242_post_disaster_r512_c512,socal-fire,0.0,1.0,1.0,0,0,0
socal-fire_00001242_post_disaster_r768_c768,socal-fire,0.0,1.0,1.0,0,0,0
socal-fire_00001259_post_disaster_r0_c768,socal-fire,0.032562255859375,0.80325,0.6712614870509608,1606,259,528
socal-fire_00001259_post_disaster_r256_c256,socal-fire,0.0091552734375,0.4504830917874396,0.29127725856697817,186,41,414
socal-fire_00001259_post_disaster_r512_c0,socal-fire,0.0137786865234375,0.0011061946902654867,0.0011061946902654867,0,0,903
socal-fire_00001259_post_disaster_r512_c256,socal-fire,0.0,1.0,1.0,0,0,0
socal-fire_00001259_post_disaster_r768_c512,socal-fire,0.0,1.0,1.0,0,0,0
socal-fire_00001259_post_disaster_r768_c768,socal-fire,0.006134033203125,0.49094202898550726,0.3261390887290168,135,14,267
socal-fire_00001278_post_disaster_r0_c0,socal-fire,0.00836181640625,0.6653225806451613,0.49879227053140096,412,279,136
socal-fire_00001278_post_disaster_r0_c768,socal-fire,0.0,1.0,1.0,0,0,0
socal-fire_00001278_post_disaster_r512_c768,socal-fire,0.0111541748046875,0.27839195979899495,0.16219369894982497,138,125,593
socal-fire_00001292_post_disaster_r0_c768,socal-fire,0.0,0.0009505703422053232,0.0009505703422053232,0,1051,0
socal-fire_00001292_post_disaster_r512_c0,socal-fire,0.0,1.0,1.0,0,0,0
socal-fire_00001303_post_disaster_r0_c768,socal-fire,0.0,1.0,1.0,0,0,0
socal-fire_00001303_post_disaster_r256_c256,socal-fire,0.0,1.0,1.0,0,0,0
socal-fire_00001303_post_disaster_r256_c512,socal-fire,0.0,1.0,1.0,0,0,0
socal-fire_00001303_post_disaster_r256_c768,socal-fire,0.0,1.0,1.0,0,0,0
socal-fire_00001303_post_disaster_r512_c512,socal-fire,0.0,1.0,1.0,0,0,0
socal-fire_00001304_post_disaster_r0_c0,socal-fire,0.0,1.0,1.0,0,0,0
socal-fire_00001304_post_disaster_r0_c768,socal-fire,0.0,1.0,1.0,0,0,0
socal-fire_00001323_post_disaster_r0_c768,socal-fire,0.036651611328125,0.6182348978216933,0.44751381215469616,1376,674,1026
socal-fire_00001323_post_disaster_r256_c0,socal-fire,0.0,1.0,1.0,0,0,0
socal-fire_00001323_post_disaster_r256_c512,socal-fire,0.0,1.0,1.0,0,0,0
socal-fire_00001323_post_disaster_r256_c768,socal-fire,0.0488433837890625,0.0003123048094940662,0.0003123048094940662,0,0,3201
socal-fire_00001323_post_disaster_r512_c0,socal-fire,0.0208282470703125,0.8081833060556465,0.6781987918725975,1234,455,131
socal-fire_00001347_post_disaster_r256_c512,socal-fire,0.0,1.0,1.0,0,0,0
socal-fire_00001347_post_disaster_r512_c768,socal-fire,0.0,1.0,1.0,0,0,0
socal-fire_00001357_post_disaster_r256_c768,socal-fire,0.0,1.0,1.0,0,0,0
socal-fire_00001357_post_disaster_r512_c0,socal-fire,0.0,1.0,1.0,0,0,0
socal-fire_00001357_post_disaster_r512_c512,socal-fire,0.0,1.0,1.0,0,0,0
socal-fire_00001357_post_disaster_r768_c0,socal-fire,0.0,1.0,1.0,0,0,0
socal-fire_00001357_post_disaster_r768_c512,socal-fire,0.0,1.0,1.0,0,0,0
socal-fire_00001364_post_disaster_r0_c0,socal-fire,0.0,1.0,1.0,0,0,0
socal-fire_00001364_post_disaster_r512_c768,socal-fire,0.0,1.0,1.0,0,0,0
socal-fire_00001364_post_disaster_r768_c256,socal-fire,0.0,1.0,1.0,0,0,0
socal-fire_00001377_post_disaster_r0_c0,socal-fire,0.0,1.0,1.0,0,0,0
socal-fire_00001377_post_disaster_r512_c0,socal-fire,0.0,1.0,1.0,0,0,0
socal-fire_00001377_post_disaster_r512_c512,socal-fire,0.0,1.0,1.0,0,0,0
socal-fire_00001377_post_disaster_r512_c768,socal-fire,0.0,1.0,1.0,0,0,0
socal-fire_00001391_post_disaster_r0_c768,socal-fire,0.0,1.0,1.0,0,0,0
socal-fire_00001391_post_disaster_r256_c768,socal-fire,0.0,1.0,1.0,0,0,0
socal-fire_00001391_post_disaster_r768_c512,socal-fire,0.0,1.0,1.0,0,0,0
socal-fire_00001391_post_disaster_r768_c768,socal-fire,0.0,1.0,1.0,0,0,0
socal-fire_00001396_post_disaster_r512_c512,socal-fire,0.0,1.0,1.0,0,0,0
socal-fire_00001396_post_disaster_r768_c256,socal-fire,0.0,1.0,1.0,0,0,0
socal-fire_00001396_post_disaster_r768_c768,socal-fire,0.0,1.0,1.0,0,0,0
socal-fire_00001397_post_disaster_r768_c512,socal-fire,0.0,1.0,1.0,0,0,0
